id,speed
0,47.65861854561385
1,48.17712782477529
2,40.16195742205202
3,31.467567993382403
4,42.24034955056586
5,26.05756783694043
6,20.143046702997825
7,49.661364966794565
8,47.983523558261176
9,31.47535655995855
10,31.704245788164314
11,23.39534637306945
12,24.445306641847953
13,25.48957667929484
14,29.64706513776865
15,41.43576404096193
16,44.41037663592321
17,50.42063995789515
18,48.12847745328838
19,49.05407501514441
20,46.514284845134945
21,43.540543742661235
22,19.39385115550538
23,29.321777900747417
24,25.1414212913764
25,19.06640305814498
26,20.10783174615457
27,20.58156535699855
28,16.058941538816264
29,12.090827681435789
30,25.256818044980236
31,49.74827538680597
32,49.311396457151616
33,28.552261683354125
34,28.5701950950566
35,24.877425423326045
36,20.355557950819573
37,19.911154106388224
38,45.80190292168343
39,39.86289753770378
40,45.68747355094168
41,48.39791734196012
42,49.46189719632054
43,44.49176986603623
44,20.50722693656558
45,18.443768244133388
46,18.029721562101052
47,10.472929399897838
48,45.39048482248215
49,47.612225090163555
50,48.17416015573683
51,23.413265925767295
52,21.764886840122674
53,19.28231383853227
54,15.761176080605992
55,17.4914018289196
56,15.210364200401104
57,15.457737412994335
58,27.85277472918333
59,33.94216166168381
60,43.3947652456743
61,40.525079827229256
62,40.91143397961603
63,42.137208433729135
64,45.95218589055484
65,48.15075570668706
66,47.92441916063519
67,46.3282250842754
68,43.6032914086106
69,27.199240042991512
70,23.7198465837837
71,18.59250934988199
72,15.36345361545537
73,15.427111392832547
74,12.230970652229027
75,6.1941489475223745
76,41.54712409125705
77,38.32494741845285
78,43.741522558038376
79,47.89090438652444
80,13.220719516098915
81,15.739600467142676
82,21.709349722279224
83,15.280939555211438
84,15.48099190330546
85,11.001166260672408
86,19.260284170604024
87,34.753580118251335
88,44.016357684058214
89,40.85649314557019
90,48.8759642939356
91,48.101052566645095
92,46.96026362141677
93,46.15507464735362
94,25.717346156827602
95,13.687027319825768
96,20.80862931418214
97,9.908020985333225
98,8.02474285405325
99,18.41918202621011
100,40.65790119579641
101,47.62268540586442
102,14.696340903771294
103,17.47816978230832
104,14.868582512098664
105,44.15228353852649
106,35.80608074956181
107,48.238938990904856
108,42.71846325732494
109,15.337211021032637
110,10.141583602034201
111,9.373733055865232
112,20.83859248023637
113,34.937171736933074
114,37.68306567665331
115,49.19844558845528
116,48.88285665454611
117,40.02307225861807
118,27.90491118559632
119,23.768006437436487
120,20.951098383920865
121,16.499645129421854
122,31.654152663409644
123,47.685842151299916
124,47.11677118108387
125,42.912250166656975
126,41.390864246894125
127,38.69779696346376
128,41.84020941267264
129,34.98059172456543
130,48.86131188265397
131,47.37778101879687
132,46.874911041812645
133,28.94725432373641
134,23.98991566986154
135,23.673223527850617
136,39.05882439274127
137,46.90838308722827
138,49.835135123771344
139,47.72200256846581
140,47.15831821568976
141,44.48573440818937
142,26.948012587894947
143,14.865845905355117
144,19.444007265717328
145,17.689618719998407
146,18.29724963386958
147,48.988073098065136
148,49.80633923733042
149,47.309563044338674
150,47.28222236961073
151,16.184702131659847
152,16.006965076284068
153,16.735550470708382
154,7.975557021077779
155,20.282879863370177
156,37.40838187819914
157,45.839177522102815
158,42.284756282379476
159,48.509347141061426
160,49.06108863767639
161,49.80451784044447
162,48.21383966688157
163,47.29564271982077
164,43.95549611375938
165,26.180434073656343
166,14.662423694843566
167,18.469814318872046
168,17.717794051151536
169,18.729172790491614
170,11.317225290381307
171,10.280601593924581
172,46.03768944739555
173,47.73728392220702
174,43.25356566211245
175,25.479821896168534
176,19.799851125540208
177,16.489077196709076
178,16.78605914039488
179,9.816874042758963
180,46.15608473357081
181,48.30798322629561
182,48.92828712262407
183,48.144205178240874
184,38.46493658970852
185,20.80007272594664
186,19.219633370715428
187,40.05354469272885
188,34.25808766916243
189,48.335357176099855
190,42.91360280214126
191,43.599597246992
192,38.430597758811984
193,39.28354065888676
194,38.27200082586013
195,38.08504984514893
196,38.04737145581915
197,43.1306621427641
198,38.19283466541456
199,48.30426906162712
200,46.96205922149697
201,25.654010569032526
202,23.646718660884883
203,19.03372557614362
204,17.751005435458463
205,19.42489805458763
206,39.48553086219453
207,41.292648927452476
208,48.75118287445138
209,48.87851123972663
210,47.50186763211653
211,47.42339766052892
212,26.112255519544426
213,13.123048259908048
214,19.796925125500668
215,21.70801850657233
216,17.60893664101501
217,23.885035872415312
218,45.04968149494729
219,48.27063676403849
220,47.496414402715324
221,44.980828653603396
222,26.401961894234322
223,17.313680151363425
224,12.016909070942614
225,24.87467909102165
226,50.576216263665636
227,48.687876048812754
228,17.43851093569709
229,24.3853425638669
230,19.61717909778609
231,18.241283347927627
232,45.692315562465936
233,48.42096772901561
234,47.062997939285594
235,18.69658645132128
236,25.02947235871019
237,20.253499221862768
238,23.70250131377967
239,43.49058167348923
240,35.23251543932003
241,39.710845314946575
242,48.95178866152023
243,49.51698269872039
244,49.00253299193976
245,49.2571323149386
246,27.61433991560436
247,22.47540302163405
248,21.719344153976568
249,23.458532082276186
250,21.53339774278365
251,32.65270347658797
252,43.76679623056831
253,32.71756940471131
254,36.52869504112459
255,47.6042205775607
256,46.979322597436365
257,46.01456191668761
258,43.027315530020445
259,40.24436555790428
260,38.408776508036624
261,36.24491891381598
262,39.886651577013744
263,42.456069979983496
264,33.30471492479502
265,41.752455029038614
266,48.631313291179765
267,45.69085529838006
268,18.494796375836646
269,19.762099883717696
270,17.03438315508753
271,16.504918931709025
272,18.53233850907774
273,13.950367179743758
274,46.75050469075651
275,48.077309589714424
276,48.656674575934915
277,47.859814608804584
278,27.38750222022927
279,14.400191902392837
280,16.20372501116916
281,24.36266094506539
282,19.113528706106592
283,18.713100279112552
284,14.15158708326921
285,13.129754041108251
286,47.383065494565486
287,46.951934987807086
288,11.7046617378367
289,14.542184694763858
290,16.380896204563207
291,11.55548204978456
292,10.428455513607783
293,25.322443729253347
294,46.10660052469295
295,49.33278173944273
296,48.35295853011721
297,33.74910003922532
298,21.84755407281137
299,32.468642019344415
300,22.336976362736845
301,20.30269407189363
302,23.50813160231807
303,41.88195252297548
304,39.11325110393707
305,50.091376721056264
306,48.93057983377851
307,49.29269458736586
308,45.40374561542414
309,30.446122470938747
310,18.76243664697112
311,7.5545797125284695
312,41.881479163094674
313,33.75093882958326
314,35.88367080033659
315,49.201745901834876
316,47.84030045045983
317,38.17030624249431
318,32.02633032355383
319,31.88421634525685
320,44.096077490056274
321,45.97832417745893
322,45.805095673962825
323,45.64287163996961
324,45.62736412213331
325,44.39187062690122
326,45.913512661204706
327,39.98640085843611
328,40.723537717667874
329,36.87417568911454
330,35.64037727359584
331,38.56306957274176
332,40.47575125537423
333,33.82123930973341
334,32.60376280375461
335,40.429096708801914
336,47.051153857793096
337,46.67048776135021
338,15.588551143096845
339,20.16414630437793
340,20.030789176054913
341,24.030903696379173
342,43.62093640813813
343,43.10795661877249
344,49.052103481415124
345,48.40782132814737
346,47.60594353178601
347,17.127248073263036
348,38.26962773049977
349,50.13348630645052
350,49.446210362945926
351,48.53878167995362
352,30.003278120250993
353,15.470064994041158
354,24.205282156077953
355,17.495528548238696
356,16.54998684664334
357,21.143105822354023
358,36.41385874785752
359,43.49662764502987
360,44.57163575178588
361,50.024936141972915
362,16.048862799767225
363,23.447881787630205
364,17.41258674303796
365,15.73855628363849
366,11.339996272344163
367,21.94915236798253
368,41.8154327625474
369,50.18031496966423
370,49.079414261189676
371,48.742526218949315
372,48.071099526833414
373,17.038716186911547
374,18.147952023239604
375,8.611697686021527
376,21.632254228796352
377,32.0918311730527
378,34.922336283611386
379,48.722367558770586
380,30.832370802972896
381,17.94132028534735
382,15.795699344444222
383,27.79205871546945
384,48.18262920257896
385,47.78469608437751
386,46.8796398624364
387,45.210860541195444
388,42.255610117416246
389,38.51887715734773
390,35.59173883544463
391,31.96994098781405
392,49.4579578421377
393,49.64551024090959
394,48.16509727651081
395,18.725041266247796
396,19.755454512220076
397,27.492615125818542
398,23.742285318251152
399,15.703650560537334
400,11.01099442084948
401,34.13301602792341
402,38.099921214135634
403,49.51770398599652
404,47.857883867644816
405,45.82109585747939
406,30.878843379826588
407,18.597941549977744
408,19.977846718621176
409,18.32788035668405
410,17.03018074621094
411,9.15921391415145
412,42.27554100998336
413,37.605342228347745
414,44.36993206521259
415,49.88879290855054
416,48.62939835651213
417,48.33443275678572
418,48.138764172876094
419,30.937125042957092
420,16.941718279588333
421,8.983060833952388
422,42.80816153561388
423,38.34647713987913
424,49.28171621022952
425,49.40353461940997
426,47.97446918401212
427,38.73572442232865
428,31.127382765078863
429,40.72026181292872
430,39.9732495941399
431,48.506173591789924
432,47.48034233984562
433,46.620007704787696
434,24.396465986094064
435,34.13622197574254
436,27.96242187227528
437,23.166299986467756
438,47.272318811916506
439,47.64521206552794
440,48.38232458457102
441,40.31613997232749
442,33.50163534047878
443,31.53905014806624
444,28.347303607392124
445,37.34106841724791
446,31.796188453847197
447,33.74081168318401
448,46.076502394606166
449,46.33498750195549
450,46.87676833708843
451,49.13014431497021
452,47.32816715175199
453,45.946293183109766
454,46.9903735889664
455,45.33630394736336
456,44.21039715255864
457,46.410410186736236
458,48.31047618824039
459,48.657193730980474
460,38.17715050543053
461,29.89040657775281
462,31.780676378471416
463,27.80904232273061
464,28.757756193780974
465,39.50574916595596
466,48.09435777675902
467,48.951526401071455
468,48.50504726108098
469,47.43332268381683
470,25.686492475099673
471,31.639967884295327
472,29.776748075141963
473,26.692351632417388
474,20.53585107379254
475,28.047158329402116
476,48.21990691109852
477,46.82896826271396
478,40.03850499254965
479,29.509933783828142
480,29.165705496612972
481,26.233335175659647
482,27.105946635338604
483,48.02614526447304
484,47.74405490820751
485,47.93528055705625
486,34.81464472121978
487,37.90312482225366
488,28.037041906503287
489,19.03796913254393
490,17.286221796328107
491,37.2634545741869
492,43.57966417810725
493,47.53305006513276
494,47.69268530937606
495,46.819439865408356
496,26.35241986026682
497,33.954652165477206
498,43.43705825540642
499,48.20692287481693
500,48.787626628990246
501,49.11276222341945
502,48.549040271065905
503,48.52399073560463
504,34.94307474970238
505,36.60148699175489
506,30.612142246070928
507,28.11317501424481
508,28.284964857397483
509,46.83842035668428
510,45.76284046701911
511,45.74279870182414
512,45.03144586439071
513,45.32690404242835
514,45.67694504199645
515,43.55147311350656
516,45.60568821742046
517,44.53643254080342
518,47.260609955403574
519,47.63857688887996
520,21.740301803254965
521,27.865964654447573
522,21.81501874276312
523,22.149406307637356
524,16.220143653222543
525,48.49290887837166
526,48.00093893627373
527,47.8247601075442
528,47.040386495729095
529,28.647255843845354
530,19.626831621111783
531,24.047617445238618
532,20.11368832092444
533,17.77699496770369
534,15.447890811491261
535,47.03264115469267
536,27.47618683884328
537,17.380010037338945
538,18.04398150925065
539,19.566837757379616
540,16.123015143635225
541,14.432577310463952
542,46.37897143283125
543,45.061541214916154
544,48.69305253674496
545,45.73087516133089
546,15.349400996705016
547,21.69846818654391
548,21.82835401488759
549,21.149221039332357
550,17.62765896596645
551,40.251462206757836
552,40.65729285547061
553,48.76991711613828
554,48.379436621880686
555,44.70699432887538
556,27.78144473752448
557,15.320309743685407
558,19.66792092210771
559,22.558972730841997
560,17.739812556122146
561,18.451584319576238
562,19.139810476401987
563,18.496505583357685
564,15.408285908343064
565,12.476753480801303
566,44.672862968972034
567,35.982135796224696
568,38.240082076812264
569,49.713611798163804
570,48.67015463447568
571,34.18209222839688
572,44.928132249833226
573,46.92295146304757
574,47.015132623266375
575,47.66758164757867
576,46.582578505947666
577,43.70755811661412
578,42.56882645867767
579,45.350522274081314
580,45.79587189296052
581,37.523023184514074
582,49.04498704407853
583,49.070992302133185
584,16.340854598514284
585,18.70626420464646
586,25.31422746493602
587,25.30204392477876
588,20.68393712244192
589,18.879965984407395
590,20.282874684731688
591,19.13671335085811
592,45.969546180213555
593,48.43647060742017
594,49.05793212284138
595,47.698458207169296
596,45.753391735437845
597,29.3373706790702
598,24.62969434184023
599,20.498089228055292
600,14.819908025130863
601,48.50007578052212
602,48.00819053797176
603,45.057432849974994
604,13.605851641809707
605,19.259597037461948
606,37.78262924258518
607,40.5789331539536
608,48.62078699611184
609,49.074649348550906
610,47.66738908145129
611,47.15474177954619
612,43.64811477833326
613,14.660899020686948
614,21.47128158454904
615,17.470763641267503
616,16.347484989376127
617,17.577916982370066
618,11.879979370948998
619,22.05298072497119
620,39.62018588001458
621,50.968804200536646
622,50.134667126297316
623,48.93103944780534
624,45.7734015469013
625,27.56261247661429
626,18.766179161074664
627,17.317361363509654
628,18.796208232995145
629,11.819476528925382
630,23.531270088149984
631,50.416830989797646
632,49.06341952514555
633,48.53414835005896
634,41.00614484814041
635,26.9399134601602
636,24.67910660509127
637,48.64591329283339
638,49.09711196977071
639,47.65264368634807
640,41.947915737167676
641,43.14509202217226
642,42.83793974044698
643,40.6648421925556
644,38.991292147047425
645,38.6132542675347
646,38.15764259077299
647,47.847704803256256
648,48.30217509346763
649,47.441220866144555
650,45.04892744525424
651,16.007596976981837
652,18.1403011601835
653,10.344223193487808
654,20.44038170500784
655,47.720129919984174
656,48.15128202424064
657,47.647845294134896
658,46.766878177223305
659,46.33725171612465
660,43.90137549373034
661,15.236607070745992
662,22.580867180063038
663,16.71006555759391
664,17.751621271186604
665,18.29832473059669
666,17.132673747060828
667,9.986058105940788
668,43.02250605788276
669,38.49062905314846
670,44.070868978052644
671,47.30504079208216
672,44.150663489696434
673,22.508161181011435
674,16.529322012580696
675,34.87739722158636
676,48.844474705632166
677,48.40349398689436
678,47.069810097457335
679,14.898441963789839
680,25.19364338268253
681,20.823011753617227
682,21.317386697878213
683,18.056988552044952
684,43.4005383072113
685,48.37036821105364
686,47.58192847685199
687,47.237118321179516
688,44.33670944749184
689,26.582557406299863
690,17.182338259795102
691,22.94528720946613
692,16.564983557717714
693,16.657527308776235
694,48.64148590728182
695,47.976411390952194
696,39.13942606962215
697,27.304390152279225
698,24.965389404379373
699,20.641649637369365
700,18.699272081544112
701,21.00932747664518
702,41.50803445447403
703,46.50355355883468
704,48.05616554607617
705,48.114201939760186
706,47.35579085453962
707,46.770241819384644
708,41.18507504700816
709,38.86039675152161
710,39.60048089452085
711,40.66272174875938
712,41.07826896023923
713,40.99149081820561
714,38.03134424033779
715,45.10249167626309
716,38.8688664669832
717,46.20887690697464
718,47.601451447707355
719,27.869034135668784
720,12.202579644771216
721,9.186455511418986
722,6.9533135295033315
723,42.1430218849947
724,41.74226523479091
725,47.47153392973461
726,46.99557993012217
727,25.582667440198847
728,14.820590816479081
729,15.303091439874626
730,9.71216711152418
731,42.5621289113321
732,47.32271910893873
733,48.22739293378395
734,44.13945835270273
735,11.123920306817073
736,12.413219486634615
737,11.92496806134764
738,12.677820568931889
739,6.166592690803906
740,32.58362295864973
741,41.48055513241951
742,48.1113905704852
743,48.50521012439856
744,48.3660082481194
745,26.1454653590612
746,16.7989789633704
747,22.349615174829932
748,21.55485985506273
749,16.64435537984441
750,16.897840217947312
751,15.587214261258453
752,39.94431562922277
753,48.24512082351905
754,47.96816128265321
755,46.87456148082682
756,46.46763376264183
757,15.227666135317412
758,15.985253204170204
759,15.102854086674613
760,15.767210412655993
761,10.234850511319861
762,22.068621038497792
763,43.13516959493072
764,34.62629071521077
765,37.93815799940702
766,49.05819055987384
767,48.61431138167792
768,39.72226796898269
769,21.406020323393246
770,21.029602353991752
771,19.171944695616176
772,30.99676881294902
773,46.05690419398856
774,46.48183634927935
775,45.87425557237083
776,45.169032382968226
777,44.849117776503036
778,41.33850333747368
779,35.79517146804383
780,47.94542369743534
781,48.025981188156216
782,47.78012468138407
783,13.973278875359753
784,16.649116097790756
785,16.637680006612243
786,13.876450818882132
787,14.820519160280034
788,9.090986408734251
789,23.055169307272376
790,48.046741356945965
791,47.88686352348103
792,46.97989947329736
793,47.811846011337494
794,22.3387325730083
795,21.228453688916474
796,15.86867523529884
797,9.209523594546567
798,21.856476670078088
799,46.8634571157694
800,25.82828609593109
801,11.829415560562058
802,14.705787611350896
803,11.751356784807584
804,13.541007810236819
805,9.948096128642234
806,36.34555447446175
807,43.293522644586105
808,47.85508299674459
809,47.53634136447846
810,47.36922344150106
811,46.8261724101033
812,27.459901562705593
813,13.737236921876297
814,20.684634224356465
815,19.679392848678933
816,18.464561332572178
817,42.62669821947242
818,36.62128128272551
819,50.93995129780052
820,49.50414152568521
821,26.915493021678024
822,32.221452626078865
823,27.895445539201223
824,25.747831215522442
825,26.4606557405951
826,49.95206693201411
827,49.13397756712012
828,35.73907325160448
829,32.9670055987534
830,34.0806715110738
831,32.20563662244636
832,47.013223757122134
833,40.2506984097892
834,48.1395906409508
835,47.91515597497835
836,45.578036822474914
837,43.68965674807572
838,37.14371335924255
839,36.64837196553738
840,48.722602094147035
841,48.626006237979865
842,48.072559030540766
843,36.67882333117759
844,27.411347560808153
845,23.722158001786998
846,31.375747866243916
847,40.628496176166195
848,47.73427825087966
849,48.47585710905374
850,48.018870874597
851,20.86700801738649
852,29.206020799286833
853,26.818613924534503
854,23.905106976095514
855,25.313842689102266
856,23.36924057357957
857,43.107191511443155
858,47.45959626714651
859,48.02973359856372
860,47.441539594462185
861,47.19846261941137
862,20.484863363157015
863,27.506958038781036
864,25.03549590081973
865,22.409974945376145
866,27.597695926636458
867,47.14938545189304
868,42.81185471796867
869,49.79366440045415
870,48.82412710827996
871,28.70791708584981
872,29.47723506510083
873,24.422611858092385
874,48.54306290448836
875,46.71645653304464
876,49.25747008575769
877,48.83563898287227
878,47.28689738447839
879,19.615196964687932
880,14.544978400574427
881,12.82667585670547
882,24.007580136520932
883,46.488142158104154
884,39.45539619252767
885,47.38618025883346
886,49.14760002855398
887,48.49748527886112
888,48.56478483167582
889,48.2744880195043
890,41.96531024231471
891,26.24820441919554
892,23.84988549569194
893,24.137067471842776
894,39.600553222436744
895,47.99225297186729
896,46.0369021711669
897,42.31991051076577
898,45.402096840393874
899,44.06460414245635
900,47.91377709771968
901,48.12320645956912
902,46.75630202417566
903,28.107980119770207
904,15.798383942275667
905,19.156779368916347
906,20.303454286246133
907,18.53973989498574
908,16.08564863690107
909,13.255828212535832
910,35.06194408271459
911,43.91762754483054
912,47.04624765359004
913,46.93563760489073
914,46.415948019719586
915,24.127210509702515
916,21.75403227913318
917,16.696910630375026
918,19.075114169517047
919,13.6647491418139
920,47.78641959405822
921,48.45420494909857
922,47.42272722295065
923,13.677568448281644
924,22.83032038846923
925,20.376299416317572
926,14.852896184420368
927,17.15559040505438
928,11.066140209711751
929,8.935742049011454
930,19.51253457762102
931,35.67127123556332
932,44.57528774367528
933,48.18993446474963
934,15.41925121195785
935,18.738257655059574
936,18.748766456338522
937,16.06714161086886
938,12.077878392087777
939,21.060180047824318
940,44.71008907775852
941,48.64892455114759
942,48.71845285342207
943,47.5986372397184
944,47.117566840099634
945,28.63028193079193
946,15.358747351622911
947,24.42676297967013
948,22.318664483049048
949,16.879882032447203
950,40.96167901484171
951,47.25509318722971
952,48.370999458153456
953,46.88609934311067
954,39.072501243102806
955,25.505776006502984
956,25.07658013820241
957,17.622402597660408
958,41.79992561336698
959,35.96839831966239
960,46.22376551204575
961,47.92247485576163
962,47.784227985550544
963,46.50582400076303
964,44.005715448696876
965,44.03647127950016
966,44.60890577739992
967,42.968272147903846
968,43.532344327148174
969,43.55487304099381
970,39.16839035992018
971,39.026666700263895
972,45.919769295772845
973,14.731809270664876
974,19.036351932419606
975,25.53095024077476
976,16.657937623382587
977,15.341442510208989
978,16.936980203626167
979,12.081439550474
980,9.514757664848702
981,20.89771884490947
982,44.359719819000865
983,48.31280291950452
984,48.45460696658597
985,47.24400914454503
986,24.363031152575115
987,17.261466840279883
988,15.536961155769161
989,9.435971882131607
990,36.2126864684598
991,45.122188402727296
992,49.24506596370216
993,47.91944123501958
994,47.650906691576104
995,47.08922858417297
996,27.623753540179813
997,14.260705403117559
998,17.046069866172182
999,21.839643822123865
1000,16.06124724256249
1001,14.48167322933875
1002,16.494677134920444
1003,9.821498018865475
1004,19.998448451512918
1005,46.08444711720386
1006,48.61387892202618
1007,47.10739915878532
1008,45.06716641328594
1009,28.374644400173217
1010,17.78344459812411
1011,18.667565958191226
1012,11.984246134273477
1013,10.97224969615109
1014,43.63493163471883
1015,49.111205334876075
1016,47.916092344802266
1017,29.149353087512612
1018,18.794079551416797
1019,24.57704290727297
1020,16.595777786522365
1021,17.809019370313436
1022,10.486104264438111
1023,38.99971472711013
1024,45.776864858766906
1025,37.3468122982471
1026,48.379360842134844
1027,29.371778330901087
1028,22.666436417092093
1029,20.65089357986393
1030,22.171047929384645
1031,21.084749141565748
1032,20.679106090589237
1033,43.64138107599552
1034,41.26467152155669
1035,45.60299791769133
1036,47.62978436424206
1037,47.9839680410744
1038,43.57988725137627
1039,41.32169037272399
1040,41.880315721206344
1041,40.39191041717924
1042,37.63186111220915
1043,36.7064556756158
1044,46.81097306402075
1045,38.98568047656433
1046,38.546705532665854
1047,47.75272665915551
1048,46.8441570240057
1049,47.286862579574766
1050,27.24906851536497
1051,20.993500471673734
1052,16.641224545380524
1053,8.105096945970985
1054,45.37119298890439
1055,48.37459102770975
1056,48.05903543865054
1057,46.644357659444566
1058,44.41683160286219
1059,13.64160307857909
1060,23.418348291505385
1061,17.74615517064352
1062,9.508673188240108
1063,38.947487432046636
1064,45.933271011595856
1065,41.509139786540345
1066,48.85868894900472
1067,47.73246084787403
1068,48.42024144708909
1069,47.323066300354334
1070,46.721756239915095
1071,44.36408761316763
1072,12.950879804214118
1073,16.710514076900175
1074,14.590672307995506
1075,21.505533567698784
1076,37.70724509284315
1077,48.70318473744504
1078,44.49185521402094
1079,12.748218845656364
1080,15.13278833502603
1081,15.908723256897655
1082,14.578649340759641
1083,10.116109514730615
1084,44.45997980248978
1085,39.10608414703598
1086,43.96306359573934
1087,47.761366914635175
1088,17.326444343655236
1089,10.62231392793151
1090,37.64710615089343
1091,39.42807884526653
1092,48.47182145673074
1093,47.53494893583207
1094,46.613958384310436
1095,38.65537222678936
1096,25.290874978149738
1097,21.432187660318302
1098,15.046668922954956
1099,17.284265205106543
1100,17.46988360146907
1101,30.593203469484724
1102,42.007593527220905
1103,38.185304412013025
1104,31.94371182944001
1105,33.35240534256942
1106,48.23965333106091
1107,47.93476797538773
1108,43.988596356409715
1109,41.865597714679055
1110,40.44046476588602
1111,38.54695428566942
1112,36.920292812726764
1113,43.57903496014088
1114,45.551442629186646
1115,48.61676402009599
1116,48.14953860473661
1117,47.615212200766415
1118,25.93509019025075
1119,24.6079847067836
1120,39.18063417844329
1121,40.03647126579356
1122,43.161081959347136
1123,49.55181625271625
1124,48.350792449161666
1125,29.338589328770013
1126,27.4746123359185
1127,27.34809166858985
1128,30.368517442553483
1129,41.15054123070233
1130,45.742477963553625
1131,47.429968764062295
1132,46.97080154798526
1133,45.50255413053929
1134,30.888808773736628
1135,19.368753167560254
1136,21.75985297874621
1137,19.804348763877556
1138,20.351394811400557
1139,13.9290000460071
1140,45.66578711946968
1141,40.968840847074304
1142,47.41473829846945
1143,49.06945608989454
1144,47.35380566342524
1145,29.404827494095148
1146,19.501691398762564
1147,19.519018564010267
1148,45.99047085159386
1149,44.09033610782123
1150,14.721863872885887
1151,22.671907199572303
1152,23.918624982263843
1153,18.80409220287117
1154,19.533299480214534
1155,12.788307569325138
1156,11.575594309000202
1157,22.533293443939254
1158,37.51390426942912
1159,36.391579415431075
1160,47.344106700575125
1161,46.93670870730308
1162,48.06349619518443
1163,47.290643474155765
1164,28.163224811739337
1165,19.916981803845317
1166,23.501893318122264
1167,21.685533235400403
1168,43.60484240131201
1169,46.522559566436456
1170,46.0436147037904
1171,43.09156673419787
1172,37.54232034864539
1173,36.66962914912278
1174,46.11980995901081
1175,47.43701189015817
1176,47.14874534369163
1177,28.047857130366825
1178,15.629139559145463
1179,19.203346994389072
1180,18.62876998144756
1181,18.6535304989855
1182,12.22694730478607
1183,45.84066112074819
1184,43.970297054117935
1185,46.7437229639091
1186,45.90423205389413
1187,45.508393720181566
1188,25.233222554589585
1189,17.59177454884218
1190,15.883767265625316
1191,17.553567010321952
1192,36.65704217913657
1193,43.92210558745988
1194,47.53875342545516
1195,46.55716035784483
1196,45.98334549538256
1197,43.62283538251237
1198,25.061103755681
1199,42.22966079397098
1200,48.09697746134032
1201,47.45208041960638
1202,43.134963013494186
1203,15.053292721115538
1204,21.882610738085614
1205,16.6908584394522
1206,17.045357360393876
1207,8.856693674495675
1208,19.40587511920971
1209,34.22246983098952
1210,47.63649306480892
1211,45.56447615264639
1212,21.162129421365943
1213,20.847895677505534
1214,19.6353615800045
1215,16.69149603208155
1216,46.967301956303515
1217,48.01829335634965
1218,47.35690689695818
1219,40.784681570410086
1220,27.242408522634246
1221,22.913183247563147
1222,18.84871115695062
1223,22.30789823883218
1224,20.650904617428353
1225,18.768287730145744
1226,18.537232595108108
1227,40.48075387358726
1228,34.6195061954939
1229,36.70822158967077
1230,47.109873062084866
1231,47.29274401370746
1232,42.184231293922224
1233,40.11353159022268
1234,39.23638376274523
1235,47.59645920057556
1236,15.515966743470203
1237,21.76247142727521
1238,18.850308666985804
1239,13.67105024787123
1240,23.34857650032778
1241,45.98293260384281
1242,40.96287436935041
1243,43.19892520964064
1244,48.50230781774191
1245,47.291873696717914
1246,19.21075100752563
1247,26.29707496667689
1248,24.797151539407242
1249,12.816382713617331
1250,45.17929969189242
1251,48.842370767578764
1252,47.686296839379445
1253,47.58822354492066
1254,24.331079493268415
1255,16.073500839184977
1256,17.736195740854402
1257,40.45922062399213
1258,47.475537363250545
1259,47.17129661072583
1260,46.66144469837972
1261,44.45329771558307
1262,27.342211671865115
1263,23.688803552513956
1264,18.052444735897254
1265,19.108961113717786
1266,17.84355827499137
1267,18.627749792668546
1268,22.344493609526637
1269,48.14964560632142
1270,47.956697657542506
1271,48.582555068499246
1272,45.0870803337392
1273,15.239763379667565
1274,18.18515873262195
1275,18.66697547558802
1276,19.169773143191144
1277,12.317425682408649
1278,22.06689586659114
1279,37.73321921988247
1280,45.099484297916234
1281,37.86760721004371
1282,47.10143606143497
1283,48.19562950236748
1284,47.950092093326376
1285,26.089585457132873
1286,26.384407096232437
1287,22.202254245820484
1288,19.20511972284344
1289,19.622752326689803
1290,36.54970647513866
1291,48.316798731249605
1292,47.93031099892476
1293,44.68008552798532
1294,42.590344422479546
1295,42.30593880102016
1296,41.426388491604406
1297,37.392239020387464
1298,45.22962062149113
1299,46.24568280380891
1300,45.834687662694016
1301,43.82185435528133
1302,23.089521089721387
1303,13.325770751432426
1304,24.501717979760375
1305,49.10579316661065
1306,48.93592624994833
1307,49.97493547655372
1308,49.51689296949482
1309,31.035523868579027
1310,19.823977807215716
1311,28.705260843344817
1312,23.811562018516153
1313,23.393963977049886
1314,14.745158367700588
1315,27.262444168921203
1316,40.93862291429813
1317,40.668430764771635
1318,43.33428313020478
1319,47.19058442353381
1320,47.10276755116139
1321,44.22639766075912
1322,16.394572730297284
1323,17.30556417475486
1324,20.150355813586458
1325,25.376792187404316
1326,48.60694806506155
1327,22.90927988377824
1328,20.143030302421558
1329,18.655212847729125
1330,20.38200935651441
1331,12.35815883192396
1332,23.632693781882008
1333,38.831252516175
1334,38.47028522784858
1335,48.42851442948642
1336,47.23265752067835
1337,45.3908441506195
1338,18.048161059116733
1339,18.60481766209952
1340,18.331746253160095
1341,17.47090514522024
1342,49.257376932449
1343,48.45087748387151
1344,41.32063664503746
1345,28.2188783873535
1346,25.851246044489585
1347,20.49543593769438
1348,19.67654142152187
1349,41.26014257328701
1350,39.36364014441953
1351,39.34638573685777
1352,39.78817353110839
1353,38.60175842211193
1354,39.69704979446493
1355,36.50882575159881
1356,43.472555019856856
1357,36.96830261243076
1358,47.18337482754675
1359,27.86150453691454
1360,27.493670681303442
1361,25.58544949866215
1362,20.436366556681946
1363,16.75399332695456
1364,15.67088108898136
1365,11.539887197735625
1366,10.884941498557872
1367,40.72148109580174
1368,47.78252516339751
1369,28.194275322718777
1370,27.947415929742167
1371,16.5848894391921
1372,10.06601206019933
1373,37.26579804863644
1374,47.13317620463238
1375,47.60946089542994
1376,48.30334769988015
1377,27.213088245746103
1378,19.069796865985726
1379,40.920918912238896
1380,43.34516559857413
1381,46.96298049709347
1382,18.832772902374565
1383,10.811401574771581
1384,38.218124692567415
1385,42.955878808335825
1386,41.96602689138813
1387,48.17931863065732
1388,48.61236071743089
1389,44.95713738945017
1390,13.751693723051266
1391,16.205193498313516
1392,22.27401044952203
1393,17.27924677157063
1394,17.31387683552871
1395,12.424891482897536
1396,42.83198980486009
1397,48.87196219808624
1398,48.32872970779121
1399,48.693265935636354
1400,23.597986256537126
1401,24.025726359582535
1402,47.267179370824024
1403,46.48471262965717
1404,46.34158408926305
1405,44.751510859480796
1406,43.952136559825995
1407,42.60264729394633
1408,44.513292128320415
1409,44.80261165819199
1410,45.20047625945657
1411,47.41289015821926
1412,46.85908022471459
1413,46.92463680478091
1414,12.902855147641239
1415,27.19866476711618
1416,39.43491930177968
1417,46.441022232885985
1418,45.68606656845286
1419,45.454030818451265
1420,15.916795446201304
1421,21.03125358270682
1422,21.298362572033835
1423,18.872514678700565
1424,17.194347832590918
1425,13.34600109067636
1426,11.413504465827955
1427,24.548272388253782
1428,40.24633446366106
1429,46.448863717340224
1430,46.96665681825024
1431,46.1414434887032
1432,45.71156883247055
1433,43.5151264809306
1434,20.35084016499154
1435,16.890140788531358
1436,18.266791496598444
1437,16.247295838406448
1438,11.347059736347086
1439,21.786960258025875
1440,37.2299172398014
1441,43.43193506470324
1442,47.413059732815704
1443,47.01020695540711
1444,44.29119424680537
1445,26.087703233848536
1446,16.074328491062108
1447,43.59472933720074
1448,46.503506314196876
1449,44.3343867915584
1450,25.74674119274705
1451,12.206318298917054
1452,14.195481007214124
1453,15.474767837387734
1454,10.664030612101685
1455,36.34124969917523
1456,37.740275720023824
1457,48.23125735873493
1458,47.89584252155578
1459,46.978004984664814
1460,23.0080096648855
1461,19.360685990901878
1462,20.810517414146922
1463,35.79195147694883
1464,45.14510597134134
1465,47.19332575966311
1466,47.09672170583013
1467,46.60846683991667
1468,43.93284411601924
1469,42.15098004399398
1470,42.36443389815157
1471,41.80324227177954
1472,46.36983349905492
1473,45.536547484468024
1474,12.392111312135771
1475,17.621019490042666
1476,16.189247539681897
1477,10.905031029261362
1478,38.84507031475764
1479,39.79371608310277
1480,47.297443042892745
1481,46.62938211518373
1482,46.190239387455705
1483,25.61596614598398
1484,23.168275814465908
1485,21.858845837060915
1486,19.331374471740958
1487,16.62089541981329
1488,12.032369188368833
1489,11.31204211811751
1490,24.14377803525839
1491,38.45561553541467
1492,46.19257539309525
1493,45.460742275747776
1494,44.89914205777638
1495,42.305728292000964
1496,17.546164163132147
1497,17.48572973980104
1498,17.10638271078791
1499,10.710377580836846
1500,22.074056174956702
1501,37.747608371799515
1502,44.878042293450335
1503,47.28762726923147
1504,45.956169606179024
1505,43.703136927053386
1506,12.964916348908165
1507,17.86822545221173
1508,20.63985866991804
1509,18.796852599639788
1510,17.12689625676741
1511,12.341348020961604
1512,11.68678018138363
1513,38.27502515691467
1514,44.52144053558424
1515,37.186033592505254
1516,44.14966572330961
1517,20.623377473379737
1518,9.92977519468094
1519,37.07112055578017
1520,35.781966860097064
1521,47.46310940586621
1522,46.812431058030015
1523,26.446077711556928
1524,22.609244560119816
1525,18.519592507450312
1526,18.490085843036216
1527,18.58483661552718
1528,40.82911793776557
1529,32.3184447423938
1530,45.353545375955456
1531,47.34064162845821
1532,39.40155605977717
1533,40.06108395689354
1534,44.459414543870224
1535,43.30442679851448
1536,35.10076092190477
1537,49.53789023131559
1538,49.07433703688959
1539,49.938458903915226
1540,49.52388583083582
1541,48.15326222463134
1542,24.798749502629498
1543,30.167895660853382
1544,30.276530739149127
1545,27.51943205668235
1546,26.891646363261657
1547,41.899907048533485
1548,47.58245979450559
1549,48.12776320613251
1550,47.131102446513935
1551,44.57066521450465
1552,26.217869238271543
1553,20.724679098106748
1554,19.37233839875056
1555,17.035311604533387
1556,12.595982785091747
1557,25.874882764692597
1558,37.8021902348809
1559,47.80541875877898
1560,48.45224501917674
1561,47.2266271440794
1562,46.64293034548346
1563,12.193493555268333
1564,19.682982276916483
1565,11.379633277990846
1566,11.253773482737389
1567,24.34968113906043
1568,45.012273496022
1569,47.754828487690176
1570,20.774973174739646
1571,21.080102277593827
1572,16.676528929653173
1573,16.08083537364421
1574,12.269262267950726
1575,23.978248460188784
1576,43.830525731347834
1577,40.27016180740404
1578,47.177206255769946
1579,47.63788972315044
1580,46.00520916696645
1581,43.49569511153211
1582,24.433205562498248
1583,16.963157214705536
1584,14.031836036563558
1585,11.122876627871737
1586,38.233674290699746
1587,44.42604048874849
1588,34.47522793811823
1589,36.3658703962943
1590,46.06541385982188
1591,47.45103891747631
1592,46.92161020332964
1593,38.52459972457419
1594,24.55611502233996
1595,19.332072305030906
1596,13.390954568052416
1597,31.647135667583846
1598,42.176154573989976
1599,34.8953576637726
1600,45.46890092147292
1601,45.74088316891413
1602,44.36334563438315
1603,43.50582586221356
1604,38.43148427967076
1605,36.65091253697008
1606,37.38382476916681
1607,36.906819406253966
1608,34.610720707844216
1609,46.356471903069476
1610,46.55883499197866
1611,46.40767813745491
1612,45.0955367411967
1613,18.854583119808176
1614,18.750180987699803
1615,19.56242189778087
1616,19.311178773608482
1617,36.81183499306325
1618,41.37817402394214
1619,46.95526211822579
1620,47.37058540881282
1621,46.61591244997401
1622,47.13402218610893
1623,45.92819276733213
1624,43.829774899178695
1625,25.94261256320614
1626,16.515920971075754
1627,25.42550105136059
1628,23.325928013625788
1629,16.635069903215353
1630,11.886148966916105
1631,46.81479460348804
1632,47.29984382203223
1633,46.20109167635765
1634,46.73991160986727
1635,45.30891155856962
1636,42.80501294983991
1637,12.896623469906471
1638,20.608202649642962
1639,19.79401133243656
1640,15.148762783984521
1641,10.867261681145909
1642,24.720786671613947
1643,38.25206400935416
1644,42.5356426973901
1645,46.80761874969687
1646,47.3426658425019
1647,45.85063283567111
1648,19.324949852166093
1649,14.761433865238699
1650,17.059082623886745
1651,17.24010600097602
1652,10.896997229741551
1653,24.321924527962548
1654,38.81632314586244
1655,38.274445435306276
1656,46.65356526575234
1657,44.17375818244838
1658,12.95818567095993
1659,19.231127238311842
1660,18.373278755749315
1661,14.383326905833108
1662,16.6457176354606
1663,17.309856116686763
1664,16.94919876849305
1665,37.53149792095102
1666,45.061708628540444
1667,37.64050037836187
1668,23.563691384543862
1669,18.807292147069337
1670,20.370043048502026
1671,18.48409182772579
1672,38.91271907232588
1673,34.97152375464963
1674,32.99953736317633
1675,45.75492696231581
1676,46.72363275438179
1677,46.133837174577494
1678,34.05641780919883
1679,45.81216894046293
1680,46.45599970570842
1681,48.130336974526294
1682,49.16971284583249
1683,47.54968568752959
1684,36.377722459698646
1685,27.5107593915882
1686,31.620891438129807
1687,27.715860190506284
1688,29.382199746985606
1689,26.802918224515945
1690,24.250903693389038
1691,31.002707716222517
1692,44.9931004098645
1693,40.51466271064607
1694,47.75243388471152
1695,46.47579335338049
1696,44.283021912217706
1697,12.557340375977565
1698,21.704104289467992
1699,20.02616818154873
1700,45.148698886043015
1701,45.93430189372453
1702,26.235085443383273
1703,11.861611660317019
1704,12.96721853130134
1705,19.217659400039093
1706,19.232887219500093
1707,12.166608988440082
1708,23.496997635960486
1709,40.06363095787842
1710,43.55362798218131
1711,48.80868421024012
1712,47.843131807580505
1713,44.35435077154928
1714,21.028969976860942
1715,19.92538901567599
1716,18.359418354715082
1717,15.554061734294415
1718,45.5660686241046
1719,42.71134070945523
1720,46.95224383889756
1721,46.24415437581872
1722,43.166051304677765
1723,25.254042988002336
1724,14.558296063922175
1725,16.32187389947696
1726,38.87715275132353
1727,45.21234788448844
1728,46.777409888778216
1729,38.220991255278
1730,18.616199381196463
1731,15.824841954671877
1732,44.018545950138986
1733,47.91226351951424
1734,47.80057117747561
1735,47.134575356325584
1736,42.9128275367199
1737,39.18521581033734
1738,36.915075384726606
1739,40.394272469161464
1740,44.54957342869944
1741,45.20217056028679
1742,38.906565722549324
1743,44.42972036002637
1744,35.33635973891388
1745,44.280142196461355
1746,9.98361254787465
1747,14.792233827770305
1748,25.002217957195427
1749,39.32262559050006
1750,38.69455105303277
1751,47.19531448703332
1752,48.17681701110416
1753,14.724004725483901
1754,20.58021922614355
1755,18.500949886953787
1756,18.289325605652454
1757,40.72748860620603
1758,47.245196137905594
1759,46.89557533844149
1760,47.37976537911325
1761,46.65100313813484
1762,43.71210432011937
1763,13.413690982957256
1764,16.387308390226366
1765,20.61889447254615
1766,23.720451058869823
1767,49.39188497400544
1768,48.20805540979968
1769,48.03169923137239
1770,22.227194543692384
1771,20.334657010006527
1772,17.87698013662246
1773,46.86187895871068
1774,45.731385704840605
1775,46.22251388499609
1776,45.156626791173345
1777,44.58871802841525
1778,10.812859870059125
1779,15.394090201492274
1780,17.421547520711428
1781,16.644083487653152
1782,21.508194065245483
1783,37.45431963841085
1784,43.88142172160573
1785,44.751381252467795
1786,39.976218839358395
1787,26.293327723995944
1788,21.65050474539178
1789,19.39006224887225
1790,19.867600614238622
1791,27.518605279675675
1792,25.46443549790434
1793,21.513390039431123
1794,42.325621524057276
1795,39.08806842866116
1796,35.35148251465776
1797,44.69148247383552
1798,46.2152740338773
1799,46.25023776032967
1800,45.1881335173858
1801,41.98820639043548
1802,43.28789030474119
1803,39.59688013753024
1804,42.8030476044025
1805,42.72490776418642
1806,37.75496314853052
1807,43.880033040666824
1808,43.83510923750477
1809,45.53382744112482
1810,46.17362105897911
1811,45.14474421420525
1812,44.971571046485785
1813,43.01664807940938
1814,15.572328179843113
1815,22.433373903949605
1816,23.417498185401172
1817,17.82261501743744
1818,25.464269467778877
1819,38.599494700381975
1820,41.14121603701583
1821,47.14234953840341
1822,46.61145730577393
1823,15.521089876219044
1824,17.718261382383762
1825,23.928619548252787
1826,19.674563793449142
1827,24.526850156163473
1828,25.895313068611852
1829,43.49414807857005
1830,37.42638413815382
1831,47.61034976827941
1832,46.05193861842404
1833,44.144441798268375
1834,31.77111172481997
1835,15.502698258146042
1836,21.127596994389787
1837,20.804589846995626
1838,21.1881664493398
1839,19.541990327973632
1840,23.433933361152068
1841,36.260639826682414
1842,36.90635150804031
1843,45.08708083500591
1844,21.566998011365317
1845,17.825566264326515
1846,20.13191487570054
1847,11.633312302281993
1848,36.56201047093746
1849,47.657582057446376
1850,47.24532919139333
1851,45.13719337555939
1852,20.127982220085816
1853,21.291702402794268
1854,19.39474850106775
1855,21.977853826423615
1856,20.870054765901383
1857,37.50671495160265
1858,33.120339151207716
1859,48.229237698207726
1860,48.13717457232821
1861,26.857424302568678
1862,26.54857519578535
1863,22.802160696572848
1864,22.02518967296207
1865,47.052561896183605
1866,47.08570489937579
1867,46.22551677722645
1868,43.20570964852209
1869,43.69316461650324
1870,41.194112209811685
1871,40.98971860024925
1872,43.38838244234627
1873,33.849844885267096
1874,46.82779857318924
1875,46.714456457484474
1876,46.087217068309215
1877,44.35768220351565
1878,24.06173617432115
1879,22.224256681774637
1880,12.25824786801967
1881,48.438113935313844
1882,48.92138177117083
1883,48.2185973919474
1884,48.27493076221856
1885,20.50976167662515
1886,25.87989675932984
1887,23.06741918127755
1888,21.722755600851215
1889,24.637454368143825
1890,48.20249262249389
1891,18.717600150163296
1892,25.988646281840346
1893,25.1716844349876
1894,20.811417143785544
1895,14.223943582527397
1896,47.10940936481657
1897,47.72159462818644
1898,19.058976958271593
1899,20.72702053823667
1900,13.58990343795988
1901,25.663008444049602
1902,39.52549485708333
1903,48.43682176655127
1904,45.081996863712014
1905,15.704107581838644
1906,18.9381356652716
1907,21.177968915994335
1908,21.645035623598506
1909,16.20729188332443
1910,24.813386143731854
1911,47.532351110363265
1912,46.70305840620946
1913,27.89983891093094
1914,23.91978689243925
1915,24.687329164673205
1916,21.652215670709484
1917,20.881423362162604
1918,33.95924427341795
1919,44.25086509264127
1920,40.13250090195641
1921,47.74302546511838
1922,43.22257008607854
1923,38.98682650321804
1924,37.915488482732115
1925,39.71463992671944
1926,43.3400770115698
1927,44.62216258090261
1928,42.470951667659556
1929,46.060495423640205
1930,33.942086475434884
1931,15.408425133207631
1932,22.158285579606652
1933,19.738816195582586
1934,20.236479308150816
1935,19.671297204949123
1936,45.69400891557575
1937,40.110732679380554
1938,41.520244255358435
1939,47.007827223048
1940,46.38611430449982
1941,44.52918743063227
1942,33.810071213124196
1943,14.713697761386852
1944,28.193884848816758
1945,24.970066089297877
1946,15.494582520203926
1947,23.70385176308458
1948,41.68325495319661
1949,38.10185374796759
1950,49.04683785975453
1951,46.53583958706066
1952,44.486127454748654
1953,32.28275603369651
1954,15.793870649527685
1955,16.64491563760603
1956,21.020506843193377
1957,16.28437986301944
1958,12.44967629278332
1959,39.61097343011223
1960,46.62159287506134
1961,48.169440468781694
1962,46.9147160263362
1963,47.36100636906387
1964,44.09608287303729
1965,22.194891568798987
1966,19.595971457337676
1967,44.506374584824634
1968,41.74973929760617
1969,47.93024903776537
1970,43.23974150741037
1971,12.574762975302422
1972,15.592747568787164
1973,17.093044346302253
1974,15.334652974657063
1975,11.256123036652077
1976,21.50868022195707
1977,38.74877404659027
1978,46.45778576425698
1979,45.963517502517085
1980,47.00476260614657
1981,46.509174313323
1982,40.59202692976517
1983,28.02071616229456
1984,23.763434208106492
1985,22.711685479068382
1986,20.423098395247607
1987,19.807549728018337
1988,37.24310267682136
1989,43.38353655010855
1990,46.30879681393689
1991,46.23044087998917
1992,45.72859583361432
1993,41.1520018882188
1994,38.14449204612974
1995,38.29220084980112
1996,37.63224491673659
1997,37.00891211459807
1998,47.38652898417695
1999,33.0240125686597
2000,19.73056558123332
2001,21.46451667989429
2002,22.235494366027833
2003,17.440104400348783
2004,25.026178449148592
2005,43.964420559142475
2006,42.12926502653522
2007,47.89093811326921
2008,14.081826824521084
2009,16.062532394219687
2010,21.156660197258617
2011,18.196163583966346
2012,13.151559116929933
2013,14.922785096700101
2014,19.807123054564087
2015,18.624096123891594
2016,20.262623692879053
2017,14.948417099036552
2018,35.69734304691052
2019,37.108107391632785
2020,40.03074495319933
2021,47.76401125288786
2022,47.53423455209948
2023,47.31179413097652
2024,20.52826982782177
2025,18.83681731307063
2026,20.83075602735726
2027,21.05861457584083
2028,16.741857871445614
2029,44.22924383120009
2030,37.45760333896502
2031,40.91812130688738
2032,46.899173735722684
2033,44.41685043135887
2034,18.78204232451432
2035,16.089607899040022
2036,14.993829401086673
2037,17.744156946891216
2038,9.340530207697846
2039,46.590812677982846
2040,46.0579303453422
2041,46.926922607361675
2042,28.97046579016083
2043,27.448129035005913
2044,19.31857017051108
2045,20.468930943702084
2046,44.80973522296949
2047,41.863271870922816
2048,38.21219674607995
2049,39.798685553103226
2050,38.11460097067421
2051,43.92524270727726
2052,36.0388152954854
2053,46.744391739312626
2054,46.66349403862119
2055,44.329804685637995
2056,17.98936388839306
2057,23.36336907021585
2058,23.486122893522086
2059,21.095081725769358
2060,23.941584721206176
2061,17.692476014011213
2062,13.61023543091064
2063,46.623988211215924
2064,47.1922716270744
2065,46.09930609001141
2066,17.19025174834033
2067,22.35557733053064
2068,19.66839860541536
2069,22.44989860939197
2070,12.566386349284636
2071,38.11886498750874
2072,40.0550626135661
2073,43.103054615828185
2074,47.790241327762935
2075,29.471576032308633
2076,13.146090616831417
2077,17.199372058953532
2078,17.39460505089345
2079,20.34655781961437
2080,21.35982118603412
2081,36.75553861700501
2082,47.164085408598645
2083,46.27322747614115
2084,44.22198009091704
2085,12.933319679111579
2086,19.755625791673786
2087,16.205123664526926
2088,19.17595047203113
2089,41.97718241285466
2090,39.00946045559299
2091,47.00170391652918
2092,46.83732183263251
2093,47.478342952810856
2094,43.850061233681984
2095,14.304704556054913
2096,18.575219951986966
2097,15.18892861282539
2098,16.07553201850048
2099,16.7839961974425
2100,12.268521880126821
2101,37.71004513981145
2102,45.504780588808586
2103,47.24051664551851
2104,46.58112515972392
2105,46.46237370324813
2106,26.980889292393798
2107,23.8197878657084
2108,23.01224344547401
2109,23.63327100979253
2110,19.23171570915712
2111,20.118034920189753
2112,19.1803654150329
2113,33.51886438626063
2114,44.786944334727984
2115,46.82058582363424
2116,46.31791520406439
2117,42.84624180612197
2118,43.31036296028988
2119,38.77743381795156
2120,36.73239438868879
2121,37.79779959922716
2122,42.27546579455437
2123,41.338282093492275
2124,33.410423434518094
2125,35.50289795667896
2126,46.70060174315633
2127,47.133632826844476
2128,46.18838902211992
2129,45.75091354416203
2130,43.88122570633533
2131,16.683573082939642
2132,22.765648104336083
2133,20.116309164154384
2134,17.499932052990236
2135,19.818808061881708
2136,19.28387071413351
2137,10.17043554522075
2138,48.01545766256974
2139,48.54993474316875
2140,18.355292422467777
2141,17.40671809605613
2142,39.36693067341116
2143,49.05847115159855
2144,48.47185950097376
2145,45.26617490443219
2146,13.532483968591913
2147,19.504054789552146
2148,15.783754205286208
2149,15.731846895386926
2150,19.924926694126672
2151,36.37644914108628
2152,39.57328450491017
2153,47.91705632844976
2154,47.62697427231323
2155,46.43645510830786
2156,12.440209961332842
2157,13.726483257645643
2158,17.616057485658736
2159,16.235730565111663
2160,16.408160955871868
2161,9.110769210775945
2162,34.36647596239161
2163,36.061703140473554
2164,47.801435895239486
2165,30.70940445251076
2166,14.13244074548622
2167,15.311946451738189
2168,18.764748016951653
2169,18.949091451816454
2170,18.211465531252827
2171,19.106613132963005
2172,16.233744702845023
2173,9.832718364009322
2174,41.60765498934105
2175,33.941040834883296
2176,34.43721866661626
2177,47.435738983379665
2178,48.5237171871526
2179,49.399277474676275
2180,20.937574524651694
2181,18.859719459949456
2182,22.209793488120223
2183,19.393655758067194
2184,17.805781492061747
2185,31.352064257765832
2186,36.01121927100715
2187,32.322891708217334
2188,46.867184935498116
2189,46.61793132092488
2190,46.91660816134482
2191,46.01253809251891
2192,45.29304562339032
2193,43.435704992088766
2194,40.14169981113059
2195,42.172096523435556
2196,39.153361486942856
2197,36.62929090992877
2198,36.959474300380116
2199,34.485255386215144
2200,33.50405685729739
2201,36.385634510211
2202,47.02031445917422
2203,46.49618468873297
2204,46.00288179494204
2205,14.516784242188054
2206,18.58242608369049
2207,9.543596849147297
2208,38.67209620885421
2209,40.198499888913624
2210,45.89774076793655
2211,44.17921863323498
2212,25.77356043210413
2213,19.699028521423237
2214,20.2430273729305
2215,16.884198526089953
2216,7.676458109735862
2217,21.061238289258963
2218,41.92100925321262
2219,46.20110347561464
2220,46.8935817615564
2221,46.176378782802395
2222,45.62049574481257
2223,43.697773593212226
2224,12.208468559651502
2225,15.267792042796863
2226,16.496133543636255
2227,19.001284014383454
2228,9.656030939887906
2229,7.932248895173265
2230,20.719481377370215
2231,43.0565804320073
2232,46.72975846438769
2233,47.950086989475075
2234,48.50704798545931
2235,47.79411455899069
2236,45.205545728732496
2237,15.176139946555818
2238,19.127937767763942
2239,27.059220001945597
2240,15.914359199758119
2241,25.27997512055873
2242,37.466188222384076
2243,45.91639350348944
2244,47.297553402549646
2245,46.9082275247889
2246,47.611526047179844
2247,46.590429504873285
2248,43.67646281868441
2249,27.969715454628947
2250,13.375350460157863
2251,21.689021307263978
2252,19.697198512277193
2253,15.413371192502137
2254,18.144935200186026
2255,13.668725581758853
2256,6.802355608312606
2257,17.71318622363427
2258,28.658550275825952
2259,34.01074347633862
2260,47.757399551709995
2261,48.391290962584876
2262,47.453944022420195
2263,26.089214313540214
2264,17.37552143173247
2265,19.110858623183972
2266,36.98090077707163
2267,47.4832804842581
2268,46.11865409117309
2269,41.870197124226884
2270,41.69592161110224
2271,42.189057902645104
2272,41.146181127525566
2273,43.09219749411334
2274,45.09808198349204
2275,46.52197637499962
2276,39.0443144562166
2277,39.20359555243815
2278,48.12347234893146
2279,47.51139471250762
2280,47.8984808838354
2281,46.90691600949844
2282,29.23246087211839
2283,25.08392169873749
2284,25.44542542772404
2285,22.73523457942795
2286,23.90381675890928
2287,23.57048937357882
2288,13.162498164413396
2289,40.83072121274322
2290,46.91876031874336
2291,25.973556833243975
2292,13.359700998140491
2293,16.093322982329145
2294,19.22071147939414
2295,18.618953674645837
2296,18.405675835309204
2297,44.00285184244421
2298,40.188216566277795
2299,48.915196430591386
2300,47.36871685394093
2301,19.97869811040469
2302,18.627728974685628
2303,16.041109965568154
2304,17.260670442274655
2305,9.833099233362045
2306,7.65283543424047
2307,37.76648479963446
2308,41.965303747981764
2309,48.34673625517263
2310,47.108178956843425
2311,47.713297843759115
2312,46.98170809379548
2313,44.425717421493346
2314,25.47032637638083
2315,48.00772499822965
2316,48.493128196178006
2317,46.98926353868068
2318,25.042045242956373
2319,13.841490637528317
2320,18.09421346399976
2321,19.13727762295574
2322,16.224461112049564
2323,8.7620024580596
2324,18.312945712302007
2325,36.81697228211003
2326,47.33471125526185
2327,48.323601336736104
2328,47.97794647449792
2329,47.69252105534384
2330,47.555798175785704
2331,40.85313948926749
2332,26.057006105612253
2333,23.234991639534986
2334,17.03770601170848
2335,18.36509474823194
2336,15.587812156096927
2337,38.5381945965771
2338,33.668231121310974
2339,35.74961379326932
2340,47.34106014318281
2341,40.086898819144665
2342,38.43984219567941
2343,39.862788859686454
2344,39.04070448151307
2345,44.04982714056299
2346,47.38934985020561
2347,47.90117584469855
2348,14.734142598513893
2349,24.387907947502676
2350,22.49260634233257
2351,19.38552793242246
2352,22.94905484284705
2353,41.48367513848981
2354,47.234806330783165
2355,48.15755806464322
2356,46.99926326079327
2357,44.128949513678904
2358,15.627276970270735
2359,19.986113858289677
2360,17.288192804290674
2361,16.30461659540282
2362,17.836680649914374
2363,10.897332502776305
2364,8.913479562221168
2365,35.84091399653117
2366,47.44341882876066
2367,47.777820253231866
2368,46.95056496450683
2369,44.066303411869505
2370,24.43211019562422
2371,15.898901548081886
2372,33.54457972566982
2373,42.81292744140464
2374,47.68967704500005
2375,46.89842222548553
2376,11.781529687700736
2377,19.96070662299824
2378,17.34600561336856
2379,15.652061732524244
2380,7.712808626841159
2381,34.15890457710812
2382,40.14867333205717
2383,47.46603256517133
2384,46.68632253050455
2385,43.73565021470693
2386,11.668007551617563
2387,18.419334459823666
2388,17.676921785454713
2389,33.87664870241964
2390,46.38642437978473
2391,47.93624581460515
2392,47.926855629262874
2393,26.032676734452217
2394,24.00679987945446
2395,19.667939918895936
2396,21.83737290819428
2397,19.731886425599416
2398,48.65961970895126
2399,49.05890648033046
2400,48.710607358509904
2401,34.979497005357295
2402,27.37221559777519
2403,26.99998291811668
2404,31.375198468810858
2405,36.69544041907465
2406,44.72361008232437
2407,45.62648632790481
2408,39.865047650308114
2409,47.94083053921869
2410,48.71223251854408
2411,32.03810293521666
2412,24.57605502081088
2413,32.27878331437924
2414,27.615816673787943
2415,28.038454036107996
2416,17.702611012432122
2417,40.189660619284936
2418,47.6291885656816
2419,46.88828426627981
2420,23.565006893830166
2421,20.09780616552421
2422,47.400113826488464
2423,45.85374304212753
2424,12.64599104790556
2425,15.706126038763284
2426,17.134547138532394
2427,19.318828291597697
2428,16.09010215944058
2429,16.73424223514376
2430,8.595845678425608
2431,6.594415569858082
2432,36.42270902628776
2433,47.8527016205836
2434,46.92932225331009
2435,24.892918788083865
2436,15.32426124114603
2437,21.099917560315042
2438,21.252689064376316
2439,17.580621392896973
2440,14.83060352458922
2441,38.94655211681589
2442,47.63311318256127
2443,47.505698664348266
2444,46.46416609540328
2445,44.113972390434995
2446,14.178433061964295
2447,18.492649982016605
2448,18.919597879946995
2449,15.87543481161416
2450,12.978092344413046
2451,15.758907021831364
2452,48.720679481065254
2453,41.15106407248522
2454,26.289598594415608
2455,25.5605295454678
2456,16.16380406991859
2457,35.5536138051025
2458,29.805249639355456
2459,46.726657385882284
2460,45.5724793593856
2461,36.49609894415617
2462,40.10828524554651
2463,41.039375027799366
2464,34.999776942217224
2465,31.52651622939374
2466,38.39397927341759
2467,39.213268948904535
2468,41.35590291589939
2469,47.13329812703184
2470,47.68970635608154
2471,47.217603219373686
2472,46.762903721688545
2473,29.818269563073947
2474,18.679012330698313
2475,21.548603481554743
2476,29.643227049380087
2477,25.1590130722719
2478,22.716208123516815
2479,14.617955071063147
2480,13.84355516303466
2481,46.71794276911085
2482,43.52432429604432
2483,47.34312472398849
2484,47.38186426650599
2485,48.721530580546364
2486,48.521896250121316
2487,23.45729964640531
2488,27.952937227213674
2489,33.963821625805565
2490,29.312305844668156
2491,27.652180080645206
2492,28.755267111500054
2493,20.50190714396066
2494,48.16687200544564
2495,41.16813382424079
2496,47.374923717792065
2497,46.20617766603727
2498,46.800115147804846
2499,45.44773729461341
2500,43.30779574861172
2501,21.32934983565804
2502,16.486637825173887
2503,19.75783701942975
2504,10.938425329159793
2505,22.177596423368257
2506,41.37657633463013
2507,48.78328056745589
2508,48.364508181411566
2509,47.56301589106102
2510,44.90862839495637
2511,13.915481884747347
2512,22.40103254443662
2513,19.684195182599808
2514,20.869894599401768
2515,22.0325240084484
2516,17.69450258462221
2517,36.08612088040153
2518,36.24875583745223
2519,16.253716562644712
2520,21.16142527130226
2521,17.900859311046588
2522,19.460332703101507
2523,11.177497303881218
2524,10.14899220777625
2525,20.721941643644058
2526,35.798341493018036
2527,44.10501568811316
2528,44.39927867652221
2529,48.13974237521322
2530,48.92838552394509
2531,22.61576782152664
2532,22.737134646319113
2533,20.660846274719642
2534,21.262873931040886
2535,33.86095165312285
2536,42.18036924848602
2537,43.653851133953765
2538,44.181286837899805
2539,42.455058639449014
2540,37.389058314948834
2541,39.53081416719003
2542,42.16649101341784
2543,45.0490628922244
2544,47.35617819848764
2545,48.27978437309238
2546,48.188738499664886
2547,47.28048010288294
2548,37.13929478114646
2549,33.85291167780906
2550,30.423230805410988
2551,28.50744112315534
2552,22.348975199975325
2553,28.440968423130126
2554,43.729413440617606
2555,44.34823198508615
2556,47.804079163223655
2557,49.21968759654454
2558,48.080793728480074
2559,47.681038748839846
2560,45.01182423319256
2561,29.393157354561456
2562,19.053664039591542
2563,22.124277021670565
2564,26.403970937116487
2565,20.13806413561163
2566,17.212641360482337
2567,39.19646842903824
2568,47.448095175623145
2569,44.29894923933651
2570,15.724807338922682
2571,23.473526591428712
2572,18.823782105123996
2573,15.25140464365148
2574,10.875847530670866
2575,48.46276084493691
2576,24.140276034857962
2577,12.493731325327667
2578,9.890209083781833
2579,44.03328890154996
2580,41.340944004389485
2581,46.58932924623457
2582,47.25297082040413
2583,47.76365276612696
2584,47.241994470612475
2585,45.07138873084287
2586,17.315181458491384
2587,22.14247230135424
2588,20.006410726275202
2589,22.205356943453587
2590,19.178614345341053
2591,41.67906974879765
2592,33.5442203851328
2593,42.976308165633554
2594,46.24797199731449
2595,46.428330992252164
2596,22.255000533005585
2597,23.78665040592994
2598,24.88074358184853
2599,21.559318831875533
2600,20.062376168292413
2601,17.522127236702858
2602,17.892550991407255
2603,39.50594676538894
2604,47.08657301753774
2605,46.613995325789034
2606,46.349150252277816
2607,42.09204930180764
2608,37.90052360393725
2609,40.883567687313764
2610,39.14407726261919
2611,39.05266054493154
2612,39.88208590171523
2613,44.723501465646535
2614,38.143888366942114
2615,46.669834387481544
2616,47.87051058165291
2617,44.864662822378946
2618,26.783312929451636
2619,16.337465166570823
2620,19.43991396608007
2621,27.708602665937963
2622,23.98071908227371
2623,22.657802644275602
2624,23.872091165024067
2625,23.066597750397946
2626,40.94271876463656
2627,48.06994576954534
2628,48.47829166538454
2629,47.46731843414657
2630,24.805845417903644
2631,23.562613883350966
2632,18.946837541307936
2633,20.612621560430913
2634,18.951442703675458
2635,40.06756067062588
2636,46.20859626206213
2637,41.478954261228715
2638,44.85315216349847
2639,47.08741238355335
2640,48.26844195136435
2641,46.82962131926244
2642,23.726974235540617
2643,14.626400175476332
2644,18.62766104336452
2645,15.028195786946469
2646,16.241409120911296
2647,14.052826799359107
2648,7.940757747232768
2649,43.7345434774316
2650,47.638346643351035
2651,48.060545528872254
2652,48.607938941393435
2653,48.051980785391216
2654,25.189888801545003
2655,16.14705878843017
2656,19.253172614754302
2657,15.971075799849677
2658,21.720905676109368
2659,44.64739893971543
2660,37.96770419310763
2661,47.338644094683104
2662,48.798345293174336
2663,47.72572131084771
2664,47.22037255146904
2665,24.98842032593294
2666,13.169776548362668
2667,19.645483909432723
2668,16.466496476545704
2669,18.510675115344153
2670,19.749692773405112
2671,45.1241866415238
2672,36.694624934129166
2673,21.60494151346469
2674,20.96930569511512
2675,19.93849392761188
2676,29.92405017050004
2677,36.686304761487555
2678,37.725033293022456
2679,46.09889844653378
2680,45.810626092813045
2681,45.46663517468213
2682,43.923627848027
2683,39.26950344624647
2684,38.401921845630476
2685,39.14854984416012
2686,47.81523503561712
2687,46.89542185655874
2688,46.21648972227548
2689,44.1884722400005
2690,25.210263834669405
2691,15.616829344555333
2692,21.009690102743726
2693,13.624983595304526
2694,38.505562063052615
2695,43.65879426257654
2696,40.25196249950974
2697,46.96263140940409
2698,46.556468652745224
2699,45.42702303795713
2700,11.420453319478716
2701,14.30717730582053
2702,14.75218303610813
2703,17.049032349548128
2704,35.468495981884516
2705,40.23252799857584
2706,49.22540943918086
2707,48.83091776501311
2708,26.62278087389805
2709,32.23406136164531
2710,27.609773643836423
2711,29.693346901966805
2712,26.367689209075277
2713,25.049797085359483
2714,19.60238054013854
2715,45.51893796557574
2716,46.990124701204984
2717,46.751376221201454
2718,25.696784606709706
2719,17.449233968841973
2720,23.184045987927043
2721,19.3490492284695
2722,20.406699925916577
2723,16.632824798972578
2724,11.655006496636302
2725,22.770729533649163
2726,37.98980541141463
2727,47.25163998152788
2728,48.200412803110744
2729,44.78150353523312
2730,21.549804956694512
2731,17.856886899921445
2732,10.71235690150909
2733,22.369973791222066
2734,37.551229689300776
2735,47.06607072000292
2736,49.08933465050622
2737,48.54096023372757
2738,49.33950377587317
2739,48.57457710255272
2740,42.41435957756577
2741,27.342834253234326
2742,22.487879363428437
2743,20.678580951309282
2744,22.52250369336912
2745,19.344573126382834
2746,19.10444845188744
2747,38.790254182137275
2748,48.7510010016555
2749,48.428683798156875
2750,47.987096349972056
2751,45.70779156340419
2752,43.81445177290142
2753,37.60587905849105
2754,41.16988997708546
2755,37.44570985482389
2756,34.81262243749208
2757,48.543007843369104
2758,47.76618763380905
2759,47.34864958561526
2760,23.438637948438462
2761,17.485108503863813
2762,18.22940520683554
2763,12.244695345321253
2764,22.645494639200464
2765,39.63373473315456
2766,44.217355764282
2767,48.40891507879989
2768,48.92554561118691
2769,48.06888309773578
2770,45.5820656854081
2771,13.973397620971907
2772,22.871223124720792
2773,21.03882159593952
2774,17.207088076643274
2775,19.510792624337125
2776,34.33507247087573
2777,42.40473848527017
2778,40.541467022477995
2779,48.04732543762613
2780,48.00384681425368
2781,48.532345772263525
2782,47.658774256533526
2783,44.96128231992431
2784,25.16455874416541
2785,13.176821211349926
2786,20.026245141178897
2787,17.40812313444463
2788,14.886136309970693
2789,8.105808528816068
2790,19.588419034085067
2791,35.09738912446724
2792,44.03997102009116
2793,38.268076020005765
2794,41.8653660925703
2795,48.846184442946885
2796,47.316739419303005
2797,15.67119679659438
2798,21.243824976542047
2799,21.42721329554487
2800,18.5839307630415
2801,19.352819623279526
2802,20.274235693322083
2803,16.719712434827603
2804,21.146166756311896
2805,36.4491369174937
2806,48.02054310681581
2807,49.08813072299781
2808,48.116913048325586
2809,26.08834569480486
2810,14.703052018660113
2811,19.45242312008351
2812,17.56164203590156
2813,14.842332701901752
2814,21.156972237721686
2815,45.45239031246973
2816,37.488582943906835
2817,48.178338851036436
2818,23.778126926054437
2819,23.92665889105481
2820,24.225125847780596
2821,19.661541635774938
2822,33.098630125970466
2823,40.85105936684304
2824,35.837484127133386
2825,42.28886616187242
2826,45.35300760429256
2827,46.098981442862176
2828,45.729420983329355
2829,43.07223234250208
2830,34.942841027591726
2831,35.32179144902442
2832,37.82329047807974
2833,38.918416834074776
2834,36.72736777453809
2835,33.52264141647288
2836,38.47752818044076
2837,47.12394634966612
2838,46.30388895966206
2839,13.503477739274565
2840,22.892251653265735
2841,21.681660297925998
2842,19.81476832539662
2843,16.89641747953578
2844,19.201317297767503
2845,12.345706806775029
2846,38.79415132792361
2847,44.685472937427015
2848,48.536006786176536
2849,48.436588192648024
2850,49.06101652404491
2851,48.24054085329139
2852,47.6262313642576
2853,45.556753477686
2854,17.68862967698457
2855,19.211458263414542
2856,44.709419913827695
2857,38.181062351018724
2858,41.37589312346302
2859,49.1831900861958
2860,25.382631587968532
2861,13.355827125494542
2862,15.237782944634349
2863,19.896643730871105
2864,18.47214823886284
2865,8.561159552254187
2866,20.565624859789583
2867,35.184063388353856
2868,42.09141918100525
2869,35.868842502526704
2870,21.12811197349559
2871,21.29687423733638
2872,21.094967394340266
2873,17.04982999974806
2874,13.140201555547856
2875,39.51723405928499
2876,47.12408299651756
2877,49.18798005632981
2878,48.01087577735159
2879,48.56063459539037
2880,26.189102183945035
2881,15.617847578733985
2882,20.331245243608798
2883,22.26005151843114
2884,18.866326847879197
2885,14.759081511217465
2886,11.479157691715782
2887,45.51904216830033
2888,40.16730878229363
2889,47.18401405141672
2890,46.375661143732174
2891,46.90737048253469
2892,41.428264562775524
2893,21.440733795506286
2894,20.709761587680823
2895,21.06929180046426
2896,20.005560824509644
2897,18.944581591818906
2898,30.90642644954042
2899,42.13083204267958
2900,36.97357926673848
2901,47.684586672294024
2902,47.23839719054569
2903,38.98165796654478
2904,37.350740339032654
2905,40.953466965183665
2906,42.34996735165595
2907,40.41164227114574
2908,43.60330582898095
2909,36.5547552679943
2910,37.10445969323955
2911,47.004684821425634
2912,46.54620546809534
2913,26.268857475734546
2914,15.233040586729553
2915,26.939415566722346
2916,24.616973010031295
2917,22.45556648933528
2918,39.698541525742705
2919,44.92079479599946
2920,47.103902902013814
2921,47.565223720225646
2922,46.79682080885729
2923,23.089834500908026
2924,20.06085962930483
2925,22.654098458344457
2926,17.1618148589309
2927,10.871712761487743
2928,9.912636313688315
2929,39.94244698908389
2930,48.002321195692666
2931,47.68774852196939
2932,13.50408012089746
2933,16.671321539355112
2934,19.295785391400123
2935,20.51065408775103
2936,17.40016906002243
2937,9.44787718298574
2938,45.04784487793228
2939,40.71802956869458
2940,47.25724492300773
2941,47.58693069797303
2942,47.16332313245558
2943,16.5053420822203
2944,23.55973605197842
2945,23.676726424649434
2946,12.030708940885846
2947,21.920076887983054
2948,44.666705964331086
2949,37.62965976675274
2950,41.58130113771832
2951,47.90901920310766
2952,45.55042430283137
2953,25.59734017680013
2954,16.413301680687997
2955,21.650828849573465
2956,19.070811213403122
2957,17.30297528137256
2958,17.697406780270402
2959,22.507985440759775
2960,43.71909374817757
2961,37.79254853349627
2962,46.38452634722044
2963,48.59500791010839
2964,41.74508424892558
2965,26.60361138309723
2966,21.68286611131814
2967,22.96228457407753
2968,23.81164554819898
2969,21.763830365901935
2970,20.442658328358064
2971,31.87021322782065
2972,45.215292018357665
2973,47.79129258580372
2974,47.19439066870509
2975,44.68379155691476
2976,39.95385781342318
2977,35.42024119574946
2978,47.80195090678497
2979,24.586919144530388
2980,23.219130321015758
2981,19.32362760742154
2982,21.096667927899006
2983,15.598110495621546
2984,12.351366054209288
2985,45.88029826077017
2986,48.00525702458816
2987,48.26289504505873
2988,48.3155391484779
2989,45.58794616462615
2990,14.114753153780029
2991,17.270529125081424
2992,23.983842963020685
2993,22.361128650909794
2994,19.451631588612166
2995,12.356685626097097
2996,18.911412160685057
2997,44.187139354972786
2998,44.94680913740955
2999,48.919630058356404
3000,47.89227852600034
3001,47.437171206852504
3002,24.159732785151178
3003,19.204236656091066
3004,16.679438368375894
3005,8.433893376664951
3006,39.27132033371833
3007,43.80148667723697
3008,47.164202051064876
3009,45.029354102837
3010,19.361568576242234
3011,20.48116793978108
3012,22.34712397890331
3013,38.65010905366731
3014,44.40498487101273
3015,36.01481912231377
3016,48.548642835647854
3017,25.315669841362435
3018,20.28146580272391
3019,16.845388098585197
3020,15.128100134192298
3021,10.775592270893537
3022,22.063923924492446
3023,33.2238145939993
3024,44.856537175708894
3025,39.67231248034269
3026,18.077236581283824
3027,14.862345795971343
3028,19.760077488803898
3029,19.723007920062834
3030,19.535551105007578
3031,35.149306492037454
3032,43.78903580604926
3033,46.42389151721288
3034,46.427289715221214
3035,46.90642728050612
3036,44.55351909288615
3037,38.29248684645971
3038,36.52691995966785
3039,39.11495028721369
3040,37.69792529878592
3041,39.10057438498555
3042,35.046802686652704
3043,45.030718047272494
3044,44.24276454795454
3045,45.63579465997667
3046,46.632059554398296
3047,47.270202813560374
3048,43.55433500914078
3049,14.316160313370585
3050,23.70164691222618
3051,20.25805873775355
3052,20.867727012284327
3053,16.8231155569949
3054,18.896250369400292
3055,13.972686023302714
3056,47.442908783383025
3057,47.84571798608797
3058,48.510684810562815
3059,47.98294151180221
3060,48.3968125888404
3061,16.1607111321342
3062,21.01499831062197
3063,18.029388543432958
3064,15.281936844125894
3065,17.139365835902726
3066,16.23879640336205
3067,11.104682764782776
3068,44.04134130491517
3069,38.99176778282728
3070,49.27976391999611
3071,48.81636917528752
3072,48.078595970931225
3073,47.56489965131739
3074,24.479818303528198
3075,20.61218984652089
3076,21.613188376243208
3077,17.404108657188925
3078,17.59591968808899
3079,17.031130394089946
3080,8.208980586197965
3081,33.71399939289729
3082,43.06244245809372
3083,42.720530284602454
3084,49.12992242287597
3085,48.15597568690025
3086,48.06688862469588
3087,24.4421585961151
3088,14.954203715305576
3089,19.21852239752076
3090,20.76423099398554
3091,16.756810084256756
3092,17.904209801330857
3093,14.451315917943537
3094,35.12066662623229
3095,35.6298400043794
3096,49.58422145796302
3097,47.778760025218396
3098,25.67819168052092
3099,18.03348075742986
3100,19.64092541929827
3101,16.049333315426757
3102,16.45669583190874
3103,17.154493684241856
3104,8.489444943346161
3105,35.23058008288866
3106,36.99474449769255
3107,47.09397903565307
3108,47.97266408177498
3109,47.63910958508657
3110,21.38912130310476
3111,19.295224326008164
3112,16.3404695264949
3113,19.760886952941988
3114,32.40226098118189
3115,35.29903841147842
3116,46.64164242134546
3117,46.88631387943261
3118,44.37174118269206
3119,37.75687029563831
3120,35.94483578083217
3121,37.13012818206197
3122,38.54395319689335
3123,41.472618520367206
3124,41.27907360841116
3125,33.173531034696325
3126,35.588173573299684
3127,36.18959982548975
3128,43.72503945478883
3129,47.34989861755543
3130,47.6847831873306
3131,46.719003847251315
3132,45.97099261311061
3133,24.665535423639852
3134,14.233551957886219
3135,16.650849709386982
3136,24.00479367500738
3137,23.115415026508582
3138,17.546153376936026
3139,11.19906640009493
3140,47.79570384720428
3141,23.519142773725488
3142,17.24142670893356
3143,15.612197089591273
3144,10.154513049178208
3145,8.462589321938923
3146,46.85683463330904
3147,47.71798581899218
3148,45.87226479381426
3149,43.642331531503075
3150,12.478920014673031
3151,8.996208540609963
3152,32.96437761807358
3153,43.66521483286935
3154,48.34761435470276
3155,47.50357785971098
3156,13.682662765513872
3157,19.90395734885996
3158,16.297748478579003
3159,18.282046701733986
3160,15.093278902018199
3161,48.05612010774627
3162,45.54376452932238
3163,26.668155873294328
3164,15.012658046507395
3165,18.90950269236408
3166,15.694137745859203
3167,16.47604023002519
3168,17.082027060377012
3169,8.618984673683258
3170,20.20305088852117
3171,38.37981674164736
3172,48.45783113181789
3173,49.244671744689796
3174,48.859537343829714
3175,25.83096622482021
3176,21.865581262437495
3177,17.95305136716596
3178,17.418975980856242
3179,16.815876754868544
3180,17.34461938112047
3181,19.972446908943454
3182,17.392171305474594
3183,43.07132785283891
3184,34.012022229878326
3185,35.85324928469736
3186,44.54025477691096
3187,47.51732213086163
3188,47.316506542970984
3189,47.05321964996217
3190,46.53637012187911
3191,42.80038937799751
3192,38.026458461199624
3193,40.67632886497715
3194,41.82968484587188
3195,39.79607624318982
3196,46.69741940762837
3197,48.44411899033029
3198,49.272998063431636
3199,47.84805045181239
3200,48.44751058385478
3201,45.3067071886864
3202,26.905318560369544
3203,15.218029686840078
3204,21.534405183569653
3205,14.932354963044565
3206,11.902231353272452
3207,38.215280340417884
3208,43.215919346990944
3209,38.59085561424681
3210,48.84505788041885
3211,47.51549695390202
3212,48.09731815185735
3213,47.204423114281305
3214,44.88368252729699
3215,14.998820734542157
3216,21.226579772982237
3217,16.06556180621273
3218,39.01944769172133
3219,39.65017279378335
3220,42.79269387172901
3221,48.67183605294863
3222,47.19839636095518
3223,47.707138868982405
3224,20.82263363867792
3225,22.82003300062473
3226,18.895814628229523
3227,10.059690652745553
3228,37.77437154880829
3229,39.09170994083295
3230,43.111547540451994
3231,48.1870997780488
3232,46.8662452091576
3233,47.467590080213405
3234,46.69973718918367
3235,22.199843821349866
3236,18.97953728254566
3237,16.5947518602106
3238,17.465184896224073
3239,8.852768728739429
3240,21.3273836387043
3241,43.534558859837155
3242,48.20120533527038
3243,48.23392945288789
3244,25.501133212991025
3245,13.827535800772484
3246,16.701009797188497
3247,21.97554573188939
3248,21.68261776973345
3249,16.450358159785136
3250,13.788479515573375
3251,14.089286396386601
3252,19.46290268473103
3253,35.98670972835946
3254,30.37075576832237
3255,35.80447029877418
3256,48.200497562558716
3257,48.95137671243144
3258,24.783552465040593
3259,26.50838495649749
3260,17.2267353266029
3261,16.326568731136373
3262,40.813778101352185
3263,36.63773462199769
3264,32.19088215236319
3265,44.87451748886207
3266,47.10844153289462
3267,40.339595447393386
3268,39.238727658171925
3269,39.99129620743267
3270,39.63422217200902
3271,34.61104396729553
3272,43.96331117992396
3273,46.79030922858652
3274,45.37907639559318
3275,14.58986287537321
3276,20.360440222926407
3277,17.194449737863746
3278,11.432388764382463
3279,21.693564681157813
3280,40.16948031933962
3281,47.26582620323549
3282,48.72917592523088
3283,47.414017131356886
3284,24.899925149216706
3285,22.96402561925016
3286,18.686151186463256
3287,18.897366473182394
3288,14.7729763493205
3289,16.51996398677791
3290,12.145509999375212
3291,10.266326269881926
3292,38.72000353603586
3293,44.70581559356469
3294,38.01543951440222
3295,39.77718513141859
3296,47.56625567565511
3297,48.19572313044712
3298,45.17069270544327
3299,23.667332411090506
3300,18.34457000852429
3301,15.24261185707462
3302,49.65964956419551
3303,48.655179807075
3304,49.434206047943164
3305,48.95995331993173
3306,27.02551547012531
3307,15.93300684510261
3308,18.62216345610453
3309,18.3350692989993
3310,16.847469849795125
3311,10.670737686066182
3312,20.653810370801644
3313,32.29183159211631
3314,48.40768463610088
3315,49.55016020245197
3316,47.60155270685855
3317,45.26249088408359
3318,25.683842638438474
3319,14.238834281541253
3320,17.140870121277263
3321,22.805112294571064
3322,21.483143542088012
3323,15.73970321182298
3324,15.541019382993818
3325,12.031333480611357
3326,7.430459734556983
3327,19.08203594293741
3328,35.35910005826164
3329,41.83374398775809
3330,47.98924907741217
3331,48.11960676165785
3332,22.722236644324713
3333,24.882580686441212
3334,45.261638862677266
3335,47.51156131203274
3336,47.73402095618323
3337,47.120070944560496
3338,45.565938926329586
3339,39.150683413677974
3340,40.977859411444186
3341,40.00450585898049
3342,34.477615224936415
3343,42.23500333611097
3344,26.65904939086272
3345,39.272277787458535
3346,45.44251291209831
3347,46.0747749953825
3348,45.06001730913585
3349,43.003008270042244
3350,24.32720103614362
3351,13.288584441228595
3352,18.25250073101567
3353,16.331639659642196
3354,12.41985109218921
3355,20.467956855935526
3356,37.758543834216454
3357,45.30666235703506
3358,47.47678079762655
3359,48.56601638012747
3360,24.602404492449523
3361,22.04707077633781
3362,21.375913690007756
3363,15.330297256004663
3364,11.650651638194978
3365,19.835285899742207
3366,39.40802548866403
3367,48.183074945021545
3368,45.42931444469561
3369,26.257889345333012
3370,15.662866280362447
3371,36.94514874651448
3372,42.678330441149285
3373,48.04666722919508
3374,49.27371032593746
3375,48.40029062193705
3376,47.861638093729034
3377,26.441617365927318
3378,13.658394098632222
3379,14.66136651055937
3380,21.44259078669193
3381,16.243079070069914
3382,16.180202837635033
3383,15.693140300977623
3384,5.129679063462887
3385,15.226952692416068
3386,28.73098447876705
3387,47.33319927364187
3388,27.991706528833184
3389,22.099164821661333
3390,9.357643465732352
3391,16.77638545093722
3392,28.672002264800614
3393,47.383493462888666
3394,49.00410468212852
3395,48.608062321578174
3396,47.68950505329803
3397,23.149706412786088
3398,24.17950222057602
3399,19.267262936400847
3400,20.188955277467166
3401,22.14535548405065
3402,19.86919593757633
3403,20.637516215146768
3404,25.33441090806832
3405,44.43770066078307
3406,47.251253314984915
3407,46.904156927925094
3408,46.36943584985121
3409,45.96735988111743
3410,46.048972646655876
3411,40.363627018763154
3412,39.09585196788841
3413,39.55605744463189
3414,32.81486638279215
3415,46.75238003826632
3416,45.761823286797956
3417,26.264859521159188
3418,32.50515357802675
3419,20.95790577116655
3420,19.99125257688446
3421,15.043313322698271
3422,16.256275120751507
3423,40.44890433038359
3424,49.21618904474498
3425,49.63139283381001
3426,49.348006492546695
3427,48.3079676810009
3428,29.090801705290623
3429,31.831203762469855
3430,32.61673521098088
3431,26.69917647799414
3432,25.456010149013835
3433,19.14843719074592
3434,17.579079693317773
3435,28.318637904519054
3436,42.26829633531008
3437,48.80270964297335
3438,50.23193636543717
3439,48.761109949027095
3440,48.491009955160635
3441,28.399952161818504
3442,24.34683716355217
3443,24.13158820373971
3444,17.774712780619765
3445,15.811551631305518
3446,25.18222311023098
3447,41.264326256968744
3448,47.96874888740718
3449,46.43916370477285
3450,47.03637576479506
3451,46.4494208151722
3452,44.87562757906326
3453,37.81352082145506
3454,25.666927768287497
3455,20.75192357663162
3456,22.907657773104724
3457,19.183394473357037
3458,12.099163554938174
3459,45.62610715873399
3460,49.30600814510067
3461,48.56023971801613
3462,47.9688918527044
3463,47.67891403817476
3464,22.272906347266996
3465,18.870572498349482
3466,20.506452814275512
3467,23.077223884094657
3468,12.919325298644807
3469,39.66560988226359
3470,48.28810157053702
3471,47.2768263202768
3472,30.747878606612588
3473,25.818214960899397
3474,25.412167139830036
3475,28.387592305685953
3476,34.9818962521225
3477,41.56800353205135
3478,37.10201079934644
3479,43.35679338038366
3480,45.402251616124175
3481,46.287613946658915
3482,46.014695480337394
3483,45.79688510214238
3484,46.10846892987984
3485,47.416870945542804
3486,45.26834189950338
3487,45.86972702678945
3488,44.46167463688444
3489,39.0462095927575
3490,39.72621820324419
3491,44.097291686931705
3492,42.208845802958194
3493,47.26877987234416
3494,46.930161233550976
3495,45.98869473597391
3496,26.9313997362963
3497,20.22180921302744
3498,17.735997462440697
3499,12.151160812553655
3500,25.762456946623068
3501,46.39052771680429
3502,41.14568891417458
3503,43.7250723243568
